{
  "mean_by_mu": {
    "0": 0.04906666666666666,
    "1": 0.9896666666666668,
    "2": 0.9944666666666667,
    "3": 0.9940666666666668,
    "4": 0.5401333333333334,
    "5": 0.9967333333333334,
    "6": 0.9876666666666665,
    "7": 0.06506666666666666,
    "8": 0.9996
  },
  "std_by_mu": {
    "0": 0.018939800669033346,
    "1": 0.007051199641627152,
    "2": 0.006836555863285938,
    "3": 0.005677055242725421,
    "4": 0.40165089173655794,
    "5": 0.004393138206301206,
    "6": 0.00586989504071418,
    "7": 0.020214783846749868,
    "8": 0.0015912217105062906
  },
  "overall_mean": 0.7351629629629629,
  "overall_std": 0.4111343188257194,
  "pearson": 0.9023469553540256,
  "spearman": 0.8833333333333184,
  "exposure_counts": [
    68,
    112,
    118,
    126,
    64,
    116,
    104,
    62,
    130
  ]
}