{
  "mean_by_mu": {
    "0": 0.05346666666666665,
    "1": 0.9893333333333334,
    "2": 0.9956666666666668,
    "3": 0.9919333333333334,
    "4": 0.5600666666666667,
    "5": 0.9961333333333333,
    "6": 0.9864666666666665,
    "7": 0.0632,
    "8": 0.9995333333333332
  },
  "std_by_mu": {
    "0": 0.01827535982287198,
    "1": 0.007639462788359195,
    "2": 0.0053075978405736,
    "3": 0.007357779882790144,
    "4": 0.39585109263722834,
    "5": 0.004940044575106631,
    "6": 0.005951921098157966,
    "7": 0.018772188517282552,
    "8": 0.0019545911304140245
  },
  "overall_mean": 0.7373111111111111,
  "overall_std": 0.40880475099313235,
  "pearson": 0.897233293760246,
  "spearman": 0.8833333333333184,
  "exposure_counts": [
    68,
    112,
    118,
    126,
    64,
    116,
    104,
    62,
    130
  ]
}